{
  "applicationId" : "mycalc",
  "scanId" : "395e10645f4649e6811870a1bc85f908",
  "reportHtmlUrl" : "http://localhost:8070/ui/links/application/mycalc/report/395e10645f4649e6811870a1bc85f908",
  "reportPdfUrl" : "http://localhost:8070/ui/links/application/mycalc/report/395e10645f4649e6811870a1bc85f908/pdf",
  "reportDataUrl" : "http://localhost:8070/api/v2/applications/mycalc/reports/395e10645f4649e6811870a1bc85f908/raw",
  "policyAction" : "None",
  "policyEvaluationResult" : {
    "alerts" : [ {
      "trigger" : {
        "policyId" : "a579a8e0bb5241e2bf9f37498820efe5",
        "policyName" : "Component-Unknown",
        "threatLevel" : 2,
        "policyViolationId" : "292f81162df94920aafa693e863a70f1",
        "componentFacts" : [ {
          "componentIdentifier" : null,
          "hash" : "9b25fdad94d05c7fa2e3",
          "constraintFacts" : [ {
            "constraintId" : "5fbc30a597ef40989f0082f9f48f4daa",
            "constraintName" : "Unknown 3rd party component",
            "operatorName" : "AND",
            "conditionFacts" : [ {
              "conditionTypeId" : "MatchState",
              "conditionIndex" : 0,
              "summary" : "Match State is unknown",
              "reason" : "Match state was 'Unknown'",
              "reference" : null,
              "triggerJson" : null
            }, {
              "conditionTypeId" : "Proprietary",
              "conditionIndex" : 0,
              "summary" : "Proprietary is false",
              "reason" : "Component does not contain proprietary packages",
              "reference" : null,
              "triggerJson" : null
            } ]
          } ],
          "pathnames" : [ ],
          "displayName" : null
        } ]
      },
      "actions" : [ ]
    } ],
    "affectedComponentCount" : 1,
    "criticalComponentCount" : 0,
    "severeComponentCount" : 0,
    "moderateComponentCount" : 1,
    "criticalPolicyViolationCount" : 0,
    "severePolicyViolationCount" : 0,
    "moderatePolicyViolationCount" : 1,
    "grandfatheredPolicyViolationCount" : 0
  }
}